Variation,Standardized Name
"1st American Medical Distributors, Inc.","1st American Medical Distributors, Inc."
"313 Industries, Inc.","313 Industries, Inc."
666126 Ontario Inc,666126 Ontario Inc
"A Company, Inc.","A Company, Inc."
A P U Inc,A P U Inc
A-1vet LLC,A-1vet LLC
A. Harold and Associates LLC,A. Harold and Associates LLC
"A&H - Ambica Jv, LLC","A&H - Ambica Jv, LLC"
Aaa Septic Services LLC,Aaa Septic Services LLC
Aardvark,Aardvark
Aaski Technology Inc.,Aaski Technology Inc.
"Aavid Niagara, LLC","Aavid Niagara, LLC"
"Ab Martin Services, Inc.","Ab Martin Services, Inc."
Ab Sciex LLC,Ab Sciex LLC
"Abaco Systems, Inc.","Abaco Systems, Inc."
"Abh Construction & Engineering, Pllc","Abh Construction & Engineering, Pllc"
"Abrams Airborne Manufacturing, Inc.","Abrams Airborne Manufacturing, Inc."
Abrams and Associates LLC,Abrams and Associates LLC
"Abrams Electronics, INC Dba Thor","Abrams Electronics, Inc."
"Abrams Electronics, Inc.","Abrams Electronics, Inc."
Abrams Family Investments LLC,Abrams Family Investments LLC
Abrams Fensterman Fensterman Eisman,Abrams Fensterman Fensterman Eisman
"Abrams Group Construction, LLC","Abrams Group Construction, LLC"
Abrams Janice,Abrams Janice
"Abrams Learning and Information Systems, Inc","Abrams Learning and Information Systems, Inc"
Abrams Towing Services Ltd.,Abrams Towing Services Ltd.
"Academy Medical, L.L.C.","Academy Medical, L.L.C."
"Acc Construction Co., Inc.","Acc Construction Co., Inc."
"Acco Engineered Systems, Inc.","Acco Engineered Systems, Inc."
"Ace Electronics Defense Systems, LLC","Ace Electronics Defense Systems, LLC"
Aces Enterprises LLC,Aces Enterprises LLC
"Acuity Contracting Group, LLC","Acuity Contracting Group, LLC"
"Adsync Technologies, Inc.","Adsync Technologies, Inc."
Advanced Automation Corp,Advanced Automation Corp
"Advanced Control Technology, Inc.","Advanced Control Technology, Inc."
"Advanced Conversion Technology, Inc.","Advanced Conversion Technology, Inc."
Advanced Electronics,Advanced Electronics
Advanced Electronics Company Limited,Advanced Electronics
"Advanced Management Strategies Group, Atkinson Aeronautics & Technology, Emerging Technology Support, Get It Done Solutions, Strategic Ventures Consulting Group, and Vickers and Nolan Enterprises","Advanced Management Strategies Group, Inc."
"Advanced Management Strategies Group, Inc.","Advanced Management Strategies Group, Inc."
"Advanced Structural Technologies, Inc.","Advanced Structural Technologies, Inc."
Advanced Technologies Internati,"Advanced Technology Systems Company, Inc. (Of Virginia)"
"Advanced Technology Systems Company, Inc. (Of Virginia)","Advanced Technology Systems Company, Inc. (Of Virginia)"
"Advantage West Investment Enterprises, Inc.","Advantage West Investment Enterprises, Inc."
Aec Emersion Joint Venture,Aec Emersion Joint Venture
"Aecom Management Services, Inc.","Aecom Management Services, Inc."
Aero Tec Laboratories Inc.,Aero Tec Laboratories Inc.
"Aero-Classics Heat Transfer Products, Inc.","Aero-Classics Heat Transfer Products, Inc."
Aero-Tel Wire Harness Corp.,Aero-Tel Wire Harness Corp.
"Aerovironment, Inc.","Aerovironment, Inc."
"Agentase, LLC","Agentase, LLC"
"Air Power, Inc.","Air Power, Inc."
"Air Products and Chemicals, Inc.","Air Products and Chemicals, Inc."
"Airgas Usa, LLC","Airgas Usa, LLC"
"Airhandler's Mechanical Services, Inc.","Airhandler's Mechanical Services, Inc."
"Akana Group, The","Akana Group, The"
"Akima Support Operations, LLC","Akima Support Operations, LLC"
"Alaire Technologies, Inc.","Alaire Technologies, Inc."
"Alban Tractor, LLC","Alban Tractor, LLC"
Alion Science and Technology Corporation,Alion Science and Technology Corporation
"Allen Corporation Of America, Inc.","Allen Corporation Of America, Inc."
Allen Vanguard Incorporated,Allen Vanguard Incorporated
Alliance Worldwide Distributing LLC,Alliance Worldwide Distributing LLC
"Alliant Enterprises, LLC","Alliant Enterprises, LLC"
Alliant Techsystems Operations LLC,Alliant Techsystems Operations LLC
"Allied Defense Industries, LLC","Allied Defense, Inc."
"Allied Defense, Inc.","Allied Defense, Inc."
"Allied Precision, Inc.","Allied Precision, Inc."
"Allison Transmission, Inc.","Allison Transmission, Inc."
Alpha Dog Guns and Ammo LLC,Alpha Dog Guns and Ammo LLC
Alpha Technologies,Alpha Technologies
"Alutiiq International Solutions, LLC","Alutiiq International Solutions, LLC"
Alvarez LLC,Alvarez LLC
AM General LLC,AM General LLC
Ambac International Corporation,Ambac International Corporation
American Apex Corporation,American Apex Corporation
American Custom Rotomolding Limited Partnership,American Custom Rotomolding Limited Partnership
"American Engineers, Inc.","American Engineers, Inc."
American Medical Depot Holdings LLC,American Medical Depot Holdings LLC
American Purchasing Services Inc.,American Purchasing Services Inc.
"American Purchasing Services, LLC",American Purchasing Services Inc.
American Rheinmetall Munition Inc.,American Rheinmetall Munition Inc.
American Systems Corporation,American Systems Corporation
Amerisourcebergen Drug Corporation,Amerisourcebergen Drug Corporation
"Amphenol Borisch Technologies, Inc.","Amphenol Borisch Technologies, Inc."
Amphenol Corporation,Amphenol Corporation
Anatech Electronics Inc.,Anatech Electronics Inc.
"Anderson Lubricants, Inc.","Anderson Lubricants, Inc."
"Angels General Construction, Inc.","Angels General Construction, Inc."
Apex Pinnacle Corp.,Apex Pinnacle Corp.
Api Heat Transfer Thermasys Corporation,Api Heat Transfer Thermasys Corporation
Appleton Medical Services INC,Appleton Medical Services INC
"Applied Fab & Machining, Inc.","Applied Fab & Machining, Inc."
Applied Resources Corp,Applied Resources Corp
"Aptima, Inc.","Aptima, Inc."
"Aquila, Inc.","Aquila, Inc."
Armored Solutions Y Protection Ltda,Armored Solutions Y Protection Ltda
Armtrans Ltda,Armtrans Ltda
"Armtrans Ltda., CR",Armtrans Ltda
Artex Truck Center INC,Artex Truck Center INC
"Arthrex, Inc.","Arthrex, Inc."
Arthur H. Thomas Company,Arthur H. Thomas Company
Aspects and Logistics LLC,Aspects and Logistics LLC
"Aspen Helicopters, Inc.","Aspen Helicopters, Inc."
"Asrc Federal Field Services, LLC","Asrc Federal Field Services, LLC"
Assemblies Inc,Assemblies Inc
"Astro Machine Works, Inc.","Astro Machine Works, Inc."
"AT&T Mobility National Accounts, LLC","AT&T Mobility National Accounts, LLC"
"Atap, Inc.","Atap, Inc."
"Atkinson Aeronautics & Technology, Inc.","Atkinson Aeronautics & Technology, Inc."
"Atlantic Diving Supply, Inc.","Atlantic Diving Supply, Inc."
"Atlantic Technical Systems, Inc.","Atlantic Technical Systems, Inc."
"Atmospheric Plasma Solutions, Inc.","Atmospheric Plasma Solutions, Inc."
"Austal Usa, LLC","Austal Usa, LLC"
Austal USA; General Dynamics Bath Iron Works; Huntington Ingalls Inc.; Marinette Marine Corporation; Lockheed Martin,"Austal Usa, LLC"
Austin Brockenbrough & Associates LLC,Austin Brockenbrough & Associates LLC
"Autoflug Safety Systems, Inc.","Autoflug Safety Systems, Inc."
Automated Process Inc.,Automated Process Inc.
Avant Garde Scientific Inc,Avant Garde Scientific Inc
"Aviate Enterprises, Inc.","Aviate Enterprises, Inc."
"B & B Production, L.L.C.","B & B Production, L.L.C."
B Diaz Sanitation Inc,B Diaz Sanitation Inc
"B/E Aerospace, Inc.","B/E Aerospace, Inc."
"Badger Truck Center, Inc","Badger Truck Center, Inc"
Bae Systems Information and Electronic Systems Integration Inc.,Bae Systems
Bae Systems Land & Armaments Inc.,Bae Systems
Bae Systems Land & Armaments L.P.,Bae Systems
Bae Systems Tactical Vehicle Systems Lp,Bae Systems
Bae Systems Technology Solutions & Services Inc.,Bae Systems
Ball Aerospace & Technologies Corporation,Ball Aerospace & Technologies Corporation
Ballard Unmanned Systems Inc.,Ballard Unmanned Systems Inc.
Barbara Bradley,Barbara Bradley
Barge/Emersion Joint Venture,Barge/Emersion Joint Venture
Barrday Corp.,Barrday Corp.
"Basic Technologies, Inc.","Basic Technologies, Inc."
Bath Iron Works Corporation,Bath Iron Works Corporation
"Battle Creek Construction, LLC","Battle Creek Construction, LLC"
"Battle Ridge Builders, LLC","Battle Ridge Builders, LLC"
Baylor College Of Medicine,Baylor College Of Medicine
Beacon Point Associates LLC,Beacon Point Associates LLC
Beaumont Nielsen Marine Inc,Beaumont Nielsen Marine Inc
"Becklin Holdings, Inc.","Becklin Holdings, Inc."
"Beckman Coulter, Inc.","Beckman Coulter, Inc."
"Becton, Dickinson and Company","Becton, Dickinson and Company"
"Beecon Learning, LLC","Beecon Learning, LLC"
Benco Dental Supply Co.,Benco Dental Supply Co.
Benham - Mead & Hunt,Benham - Mead & Hunt
Berchtold Corporation,Berchtold Corporation
"Beshenich Muir & Associates, LLC","Beshenich Muir & Associates, LLC"
Bgi LLC,Bgi LLC
Big Dog Agency Ltd.,Big Dog Agency Ltd.
Big Dog Containers INC,Big Dog Agency Ltd.
"Big Dog Warehouse, Inc.",Big Dog Agency Ltd.
Bio.Net Electric LLC,Bio.Net Electric LLC
"Bioniquest Lab Services, Inc.","Bioniquest Lab Services, Inc."
"Black Knight Data & Analytics, LLC",Black Night
Black Knight Enterprises LLC,Black Night
Black Knight Fire Support Inc.,Black Night
"Black Knight Infoserv, LLC",Black Night
Black Knight Inn LTD,Black Night
"Black Knight Medical, LLC",Black Night
"Black Knight Real Estate Data Solutions, LLC",Black Night
Black Knight Technology Inc,Black Night
"Black Knight, Inc.",Black Night
Blindajes Y Mantenimiento Ltda,Blindajes Y Mantenimiento Ltda
Blindamerican Rentacar Ltda,Blindamerican Rentacar Ltda
"Blue Cord Design and Construction, LLC","Blue Cord Design and Construction, LLC"
Blue Tech Inc.,Blue Tech Inc.
Bluefin Robotics Corporation,Bluefin Robotics Corporation
Bobby Abrams,Bobby Abrams
Boeing Service Company,Boeing Service Company
Booz Allen Hamilton Inc.,Booz Allen Hamilton Inc.
Bose Corporation,Bose Corporation
Boston Consulting Group,Boston Consulting Group
"Bowhead Mission Solutions, LLC","Bowhead Mission Solutions, LLC"
Bowhead Support Group LLC,Bowhead Support Group LLC
Boyd Co. LLC,Boyd Co. LLC
Brabant Linen,Brabant Linen
"Bradley Brown Design Group, Inc.","Bradley Brown Design Group, Inc."
Bradley J Schuller,Bradley J Schuller
Bradley J Smith,Bradley J Smith
Bradley L Morris,Bradley L Morris
Bradley Reynolds,Bradley Reynolds
"Branch's Consulting, LLC","Branch's Consulting, LLC"
Brandt Industries Canada Ltd,Brandt Industries Canada Ltd
"Bray Sales, Inc.","Bray Sales, Inc."
"Brighton Cromwell, LLC","Brighton Cromwell, LLC"
"Bristol General Contractors, LLC","Bristol General Contractors, LLC"
Broadway Electric,Broadway Electric
"Broadway Electric, Inc.",Broadway Electric
"Brtrc Federal Solutions, Inc.","Brtrc Federal Solutions, Inc."
Bruker Detection Corporation,Bruker Detection Corporation
Buckhorn Valley Metropolitan District NO 1,Buckhorn Valley Metropolitan District NO 1
Buffalo Supply Inc.,Buffalo Supply Inc.
"Burns & Mcdonnell Engineering Company, Inc.","Burns & Mcdonnell Engineering Company, Inc."
C & C Contracting Inc,C & C Contracting Inc
C E Niehoff & Co,C E Niehoff & Co
C. E. Niehoff & Co.,C E Niehoff & Co
C2d Joint Venture,C2d Joint Venture
"Cable Moore, Inc","Cable Moore, Inc"
"Caci, Inc. - Federal","Caci, Inc. - Federal"
"Cadet Aerospace, LLC","Cadet Aerospace, LLC"
Cae USA Inc.,Cae USA Inc.
"California Pacific Laboratory, Inc.","California Pacific Laboratory, Inc."
"Calloway & Associates, Inc.","Calloway & Associates, Inc."
Canadian Commercial Corp,Canadian Commercial Corp
Canadian Commercial Corporation,Canadian Commercial Corp
Cap Divertissement,Cap Divertissement
"Capital Lighting & Supply, LLC","Capital Lighting & Supply, LLC"
Capstone Manufacturing Inc,Capstone Manufacturing Inc
Carahsoft Technology Corp.,Carahsoft Technology Corp.
"Carapace Armor Technology, LLC","Carapace Armor Technology, LLC"
Carc Coating Technologies Inc,Carc Coating Technologies Inc
"Cardinal Health 200, LLC","Cardinal Health 200, LLC"
Carley Corporation,Carley Corporation
Carnegie Mellon University,Carnegie Mellon University
Carnegie Robotics LLC,Carnegie Robotics LLC
"Carolina Growler, Inc.","Carolina Growler, Inc."
Carolina Unmanned Vehicles Incorporated,Carolina Unmanned Vehicles Incorporated
"Cascade Designs, Inc.","Cascade Designs, Inc."
Case Medical Inc.,Case Medical Inc.
Caterpillar Inc.,Caterpillar Inc.
"Cavanaugh Government Group, LLC","Cavanaugh Government Group, LLC"
"Cci Construction Services, LLC","Cci Construction Services, LLC"
Cdw Government LLC,Cdw Government LLC
Cellco Partnership,Cellco Partnership
Celltron Inc,Celltron Inc
"Cems Engineering, Inc.","Cems Engineering, Inc."
"Central Diesel, Inc.","Central Diesel, Inc."
"Central Power Systems & Services, LLC","Central Power Systems & Services, LLC"
Central Texas College,Central Texas College
"Centron Industries, Inc.","Centron Industries, Inc."
Centurum Inc.,Centurum Inc.
"Cesco, Inc.","Cesco, Inc."
Cgi Federal Inc.,Cgi Federal Inc.
Charles E Gillman Company,Charles E Gillman Company
"Charles River Analytics, Inc.","Charles River Analytics, Inc."
"Chemring Detection Systems, Inc.","Chemring Detection Systems, Inc."
"Chemring Sensors and Electronic Systems, Inc.","Chemring Sensors and Electronic Systems, Inc."
"Cherokee Nation Aerospace and Defense, L.L.C.","Cherokee Nation Red Wing, L.L.C."
"Cherokee Nation Red Wing, L.L.C.","Cherokee Nation Red Wing, L.L.C."
"Chicago United Industries, Ltd.","Chicago United Industries, Ltd."
"Chustz Surveying, L.L.C.","Chustz Surveying, L.L.C."
"Ciracet, Corp.","Ciracet, Corp."
Civil 9 Construction & Architecture Company Limited,Civil 9 Construction & Architecture Company Limited
"Clark Nexsen, Inc.","Clark Nexsen, Inc."
"Clarke Power Services, Inc.","Clarke Power Services, Inc."
"Classic Site Solutions, Inc.","Classic Site Solutions, Inc."
"Clean Harbors Environmental Services, Inc.","Clean Harbors Environmental Services, Inc."
Clearpath Robotics Inc,Clearpath Robotics Inc
Cleeve Technology Incorporated,Cleeve Technology Incorporated
"Cme Arma, Inc.","Cme Arma, Inc."
"Cnd, L.L.C.","Cnd, L.L.C."
Coast Biomedical Equipment LLC,Coast Biomedical Equipment LLC
Coastal Defense Inc,Coastal Defense Inc
Coastal Management Solutions Inc.,Coastal Management Solutions Inc.
"Cogentix Medical, Inc.","Cogentix Medical, Inc."
Cognition LLC,Cognition LLC
"Coherent Technical Services, Inc.","Coherent Technical Services, Inc."
Colsa Corporation,Colsa Corporation
Combustibles Y Transportes Hernandez S A,Combustibles Y Transportes Hernandez S A
Common Cents Ems Supply LLC,Common Cents Ems Supply LLC
Communications Preferred LLC,Communications Preferred LLC
Computer Systems Center Inc,Computer Systems Center Inc
Computer Systems Center Incorporated,Computer Systems Center Inc
"Connectec Company, Inc.","Connectec Company, Inc."
Connections Seivad INC / Seivad Connections INC,Connections Seivad INC / Seivad Connections INC
Consulab �ducatech Inc,Consulab �ducatech Inc
"Contitech Usa, Inc.","Contitech Usa, Inc."
"Coordinated Defense Supply Systems, Inc.","Coordinated Defense Supply Systems, Inc."
Corenic Construction Group LLC,Corenic Construction Group LLC
Corps Biologics LLC,Corps Biologics LLC
Corvid Technologies LLC,Corvid Technologies LLC
"Cosmed Usa, Inc.","Cosmed Usa, Inc."
"Cosworth, LLC","Cosworth, LLC"
"Coulter Ventures, Llc.","Coulter Ventures, Llc."
"Countertrade Products, Inc.","Countertrade Products, Inc."
Cox Construction Co.,Cox Construction Co.
Cray Inc.,Cray Inc.
Creative Radicals LLC,Creative Radicals LLC
"Creative Tent International, Inc.","Creative Tent International, Inc."
"Crest Electronics, Inc.","Crest Electronics, Inc."
"Crew Training International, Inc.","Crew Training International, Inc."
"Critical Solutions International, Inc.","Critical Solutions International, Inc."
"Crystyl, LLC","Crystyl, LLC"
"Cubrc, Inc.","Cubrc, Inc."
Cummins,Cummins
Cummins Inc.,Cummins
"Cummins Mid-South, L.L.C.",Cummins
Cummins Power Generation Inc.,Cummins
Cuna Supply LLC,Cuna Supply LLC
"Curbell Medical Products, Inc.","Curbell Medical Products, Inc."
"Custom Manufacturing & Engineering, Inc.","Custom Manufacturing & Engineering, Inc."
"Cutter Enterprises, LLC","Cutter Enterprises, LLC"
Cyber Training Technologies L.L.C.,Cyber Training Technologies L.L.C.
"D & S Manufacturing, Inc.","D & S Manufacturing, Inc."
"D Square Construction, LLC","D Square Construction, LLC"
Daniels Building Co. Inc.,Daniels Building Co. Inc.
Daniels Manufacturing Corporation,Daniels Manufacturing Corporation
Danny James Abrams Ii,Danny James Abrams Ii
Dart Aerospace Ltd,Dart Aerospace Ltd
Data Device Corporation,Data Device Corporation
"Davis Defense Group, Inc.","Davis Defense Group, Inc."
Davtair Industries,Davtair Industries
"Dawson Performance, Inc.","Dawson Performance, Inc."
Day Howard & Associates Inc,Day Howard & Associates Inc
Dcs Corporation,Dcs Corporation
"Dcx-Chol Enterprises, Inc.","Dcx-Chol Enterprises, Inc."
Deborah Bradley Construction & Management Services Inc.,Deborah Bradley Construction & Management Services Inc.
Decisive Analytics Corporation,Decisive Analytics Corporation
Defense Energy Center Of Excellence,Defense Energy Center Of Excellence
Defense Systems and Solutions,Defense Systems and Solutions
Delphinus Engineering Incorporated,Delphinus Engineering Incorporated
Der Graphics and Custom Filing Inc.,Der Graphics and Custom Filing Inc.
"Destination Zero, LLC","Destination Zero, LLC"
"Dga Medical, LLC","Dga Medical, LLC"
Dialogic Corp.,Dialogic Corp.
"Diebold Nixdorf, Incorporated","Diebold Nixdorf, Incorporated"
Digitized Schematic Solutions LLC,Digitized Schematic Solutions LLC
Dion International Truck Inc,Dion International Truck Inc
"Dion International Trucks, LLC",Dion International Truck Inc
Directional Command LLC,Directional Command LLC
Disabled Veterans Hawaii LLC,Disabled Veterans Hawaii LLC
"Disorb Systems, Inc.","Disorb Systems, Inc."
"Disti, LLC","Disti, LLC"
"District Fleet, LLC","District Fleet, LLC"
Dolce LLC,Dolce LLC
Domestic Awardees (Undisclosed),Domestic Awardees (Undisclosed)
Don Yeam,Don Yeam
Dongkuk Structures & Construction Company Limited,Dongkuk Structures & Construction Company Limited
Dove Medical Supply LLC,Dove Medical Supply LLC
Dr. Murray Abrams,Dr. Murray Abrams
"Drive Line, Inc.","Drive Line, Inc."
"Drs Cengen, Llc.","Drs Cengen, Llc."
"Drs Network & Imaging Systems, LLC","Drs Network & Imaging Systems, LLC"
Drs Sustainment Systems,Drs Sustainment Systems
Dsa Detection LLC,Dsa Detection LLC
Dy4 Inc.,Dy4 Inc.
Dyncorp International LLC,Dyncorp International LLC
Dynetics Inc.,Dynetics Inc.
"Dynetics, Inc.",Dynetics Inc.
E-Corp.,E-Corp.
E-Labs Inc.,E-Labs Inc.
"E. & T. Sales CO., INC.","E. & T. Sales CO., INC."
E. R. A. Industrial Sales Corp.,E. R. A. Industrial Sales Corp.
Eaton Aeroquip LLC,Eaton Aeroquip LLC
Eaton Aerospace LLC,Eaton Aeroquip LLC
Ecl Technology Limited,Ecl Technology Limited
Ecology Mir Group LLC,Ecology Mir Group LLC
Ecs Electrical Cable Supply LTD,Ecs Electrical Cable Supply LTD
Edge Robotics Inc,Edge Robotics Inc
Edge Tactical Solutions Limited Liability Company,Edge Tactical Solutions Limited Liability Company
Edmonton Gear Centre LTD,Edmonton Gear Centre LTD
Edo Professional Services Inc.,Edo Professional Services Inc.
Efs West,Efs West
Efw Inc.,Efw Inc.
"Eilers Machine & Welding, Inc.","Eilers Machine & Welding, Inc."
Elantes,Elantes
Emballage Adventiste,Emballage Adventiste
"Emc, Incorporated","Emc, Incorporated"
"Emdee Technology, Inc","Emdee Technology, Inc"
"Emergent, LLC","Emergent, LLC"
"Emerging Technology Support, LLC",Emerging Technology
"Emerging Technology Ventures, Inc.",Emerging Technology
"Emeritus Clinical Solutions, Inc.","Emeritus Clinical Solutions, Inc."
"Energy Engineering and Controls, Inc.","Energy Engineering and Controls, Inc."
Enersys Energy Products Inc.,Enersys Energy Products Inc.
Engility Corporation,Engility Corporation
Engility LLC,Engility Corporation
"Ensign Power Systems, Inc.","Ensign Power Systems, Inc."
"Entellus Medical, Inc.","Entellus Medical, Inc."
"Env Services, Inc.","Env Services, Inc."
"Eos Defense Systems Usa, Inc.","Eos, Inc."
"Eos, Inc.","Eos, Inc."
"Equs Logistics, LLC","Equs Logistics, LLC"
"Era Health, LLC","Era Health, LLC"
Era Industrial Sales CORP INC,Era Industrial Sales CORP INC
"Erm-West, Inc.","Erm-West, Inc."
"Es Squared, LLC","Es Squared, LLC"
"Etc International, LLC","Etc International, LLC"
Eur-Pac Corporation,Eur-Pac Corporation
"Evolution Interconnect Systems, INC","Evolution Interconnect Systems, INC"
"Excel Medical Supplies, Inc.","Excel Medical Supplies, Inc."
Exide Technologies,Exide Technologies
Exide Technologies Dba GNB,Exide Technologies
Exide Technologies Dba GNB Technolgies,Exide Technologies
"Extreme Covers, LLC","Extreme Covers, LLC"
"F. T. S. Management, Inc.","F. T. S. Management, Inc."
Fabricacion DE Pizarras Acrilicas & Mobiliario Escolar E.I.R.L.,Fabricacion DE Pizarras Acrilicas & Mobiliario Escolar E.I.R.L.
"Faro Technologies, Inc.","Faro Technologies, Inc."
"Fascan International, Inc.","Fascan International, Inc."
"Fasttrack Technologies, Inc","Fasttrack Technologies, Inc"
Federal Contracts Corp,Federal Contracts Corp
"Federal Custom Cable, LLC","Federal Custom Cable, LLC"
"Federal Prison Industries, Inc","Federal Prison Industries, Inc"
Federal Resources Supply Company,Federal Resources Supply Company
"Fedresults, Inc.","Fedresults, Inc."
"Ferrellgas, L.P.","Ferrellgas, L.P."
Ffg Canada Ltd,Ffg Canada Ltd
Ffg Flensburger Fahrzeugbau Gesellschaft Mbh,Ffg Flensburger Fahrzeugbau Gesellschaft Mbh
Fiamm Energy Technology (usa) LLC,Fiamm Energy Technology (usa) LLC
"Fibertek, Inc.","Fibertek, Inc."
Fidelis Sustainability Distribution LLC,Fidelis Sustainability Distribution LLC
Filter Products Corporation,Filter Products Corporation
"Firematic Supply Co., Inc.","Firematic Supply Co., Inc."
Firetrace Aerospace LLC,Firetrace Aerospace LLC
"First Nation Group, LLC","First Nation Group, LLC"
"Fleet Equipment, L.L.C.","Fleet Equipment, L.L.C."
Flexible Marketing Group,Flexible Marketing Group
"Flir Systems, Inc.","Flir Systems, Inc."
"Flir Unmanned Ground Systems, Inc.","Flir Systems, Inc."
Florida Institute For Human and Machine Cognition Inc,Florida Institute For Human and Machine Cognition Inc
Florida Safety Contractors Inc,Florida Safety Contractors Inc
Florida State University,Florida State University
Floyd Abrams Company,Floyd Abrams Company
"Flyer Defense, LLC","Flyer Defense, LLC"
"Forceevader, Inc.","Forceevader, Inc."
"Foss Therapy Services, Inc.","Foss Therapy Services, Inc."
"Foster-Miller, Inc.","Foster-Miller, Inc."
"Four Points Technology, L.L.C.","Four Points Technology, L.L.C."
Frank M Churillo,Frank M Churillo
Freedom Contracting Group LLC,Freedom Contracting Group LLC
"Freer Tool & Die, Inc.","Freer Tool & Die, Inc."
"Frequentis Defense, Inc.","Frequentis Defense, Inc."
"Fudge's Freight Brokerage, Inc.","Fudge's Freight Brokerage, Inc."
"Fuel Systems, Incorporated","Fuel Systems, Incorporated"
G & W Diesel Service Inc,G & W Diesel Service Inc
"G. S. E. Dynamics, Inc.","G. S. E. Dynamics, Inc."
G.T. Machining & Fabricating Ltd,G.T. Machining & Fabricating Ltd
Gabriel Miller - Entrepreneur G�n�ral,Gabriel Miller - Entrepreneur G�n�ral
Gambrel & Wilder Law Offices Pllc,Gambrel & Wilder Law Offices Pllc
Gamma Products Inc,Gamma Products Inc
Gan Corporation,Gan Corporation
Ganzcorp Investments Inc.,Ganzcorp Investments Inc.
Gap Wireless Inc,Gap Wireless Inc
Garcia Amd Limited Liability Company,Garcia Amd Limited Liability Company
Gate Industries,Gate Industries
Gator Enterprises,Gator Enterprises
Gbm Demolition Ltd,Gbm Demolition Ltd
GE Aviation Systems LLC,GE Aviation Systems LLC
Gemini Tech Services LLC,Gemini Tech Services LLC
Genedix Lab LLC,Genedix Lab LLC
"General Atomics Aeronautical Systems, Inc.","General Atomics Aeronautical Systems, Inc."
"General Dynamics Information Technology, Inc.","General Dynamics Information Technology, Inc."
General Dynamics Land System,"General Dynamics Information Technology, Inc."
General Dynamics Land Systems - Canada Corporation,"General Dynamics Information Technology, Inc."
General Dynamics Land Systems - Force Protection Inc.,"General Dynamics Information Technology, Inc."
General Dynamics Land Systems Customer Service & Support Co,"General Dynamics Information Technology, Inc."
General Dynamics Land Systems Inc.,"General Dynamics Information Technology, Inc."
"General Dynamics Mission Systems, Inc","General Dynamics Information Technology, Inc."
"General Dynamics Mission Systems, Inc.","General Dynamics Information Technology, Inc."
"General Dynamics Ordnance and Tactical Systems, Inc.","General Dynamics Information Technology, Inc."
"General Dynamics Ots (California), Inc.","General Dynamics Information Technology, Inc."
"General Dynamics Robotic Systems, Inc.","General Dynamics Information Technology, Inc."
General Tactical Vehicles LLC,"General Dynamics Information Technology, Inc."
Genral Dynamics Land Systems,"General Dynamics Information Technology, Inc."
"Geodesicx, Inc.","Geodesicx, Inc."
Geoffrey D Abrams,Geoffrey D Abrams
George Mason University,George Mason University
Get It Done (Gid) Solutions LLC,Get It Done (Gid) Solutions LLC
Giga Inc.,Giga Inc.
"Global Defense, Inc.","Global Defense, Inc."
"Global Executive Management, Inc.","Global Executive Management, Inc."
Global Logistics Strategies Inc.,Global Logistics Strategies Inc.
Global Logistics Support Gmbh,Global Logistics Strategies Inc.
Globe Tech LLC,Globe Tech LLC
"GM Gdls Defense Group, L.L.C.","GM Gdls Defense Group, L.L.C."
Gms International Corporation,Gms International Corporation
"Govage, Inc.","Govage, Inc."
Graflex Inc,Graflex Inc
Grand River Tank LLC,Grand River Tank LLC
"Gravois Aluminum Boats, LLC","Gravois Aluminum Boats, LLC"
Green Diamond Company,Green Diamond Company
"Greene Metal Products, Inc.","Greene Metal Products, Inc."
"Gs Engineering, Inc.","Gs Engineering, Inc."
"Gta Containers, Inc.","Gta Containers, Inc."
"Guerrero Professional Services, Inc.","Guerrero Professional Services, Inc."
Gunter Langkopf,Gunter Langkopf
"H Squared, Inc.","H Squared, Inc."
H&R Parts Company LLC,H&R Parts Company LLC
"H2 It Solutions, Inc.","H2 It Solutions, Inc."
"Halo Innovations, Inc.","Halo Innovations, Inc."
Hamilton Sundstrand Corporation,Hamilton Sundstrand Corporation
Hamilton Sundstrand Space Systems International Inc,Hamilton Sundstrand Corporation
Hamilton Sunstrand,Hamilton Sunstrand
"Hardigg Industries, Inc.","Hardigg Industries, Inc."
"Hardwire, LLC","Hardwire, LLC"
"Harper Construction Company, Inc.","Harper Construction Company, Inc."
"Harris Global Communications, Inc.","Harris Global Communications, Inc."
"Hawkins Glass Wholesalers, LLC","Hawkins Glass Wholesalers, LLC"
"Hdt Expeditionary Systems, Inc.","Hdt Expeditionary Systems, Inc."
"Hdt Vehicle Component Sales, INC","Hdt Vehicle Component Sales, INC"
Hensel Phelps Construction Co.,Hensel Phelps Construction Co.
High Energy X-Ray,High Energy X-Ray
"Highland Manufacturing, Inc.","Highland Manufacturing, Inc."
Hii Mission Driven Innovative Solutions Inc.,Hii Mission Driven Innovative Solutions Inc.
"Hill-Rom, Inc.","Hill-Rom, Inc."
History Fanatics,History Fanatics
"HM Liquidating, Inc.","HM Liquidating, Inc."
"Hodges Transportation, Inc.","Hodges Transportation, Inc."
Honeywell International Inc.,Honeywell International Inc.
Hoosier Industrial Supply,Hoosier Industrial Supply
"Hoosier Industrial Supply, Inc.",Hoosier Industrial Supply
"Houston Mechatronics, Inc.","Houston Mechatronics, Inc."
"Howard W. Pence, Inc.","Howard W. Pence, Inc."
Howmedica Osteonics Corp.,Howmedica Osteonics Corp.
"HP Logit Management, LLC","HP Logit Management, LLC"
Huntington Ingalls Incorporated,Huntington Ingalls Incorporated
"Hutchinson Industries, Inc.","Hutchinson Industries, Inc."
"Hydro Service & Supplies, Inc.","Hydro Service & Supplies, Inc."
Ibis Tek,Ibis Tek
Ibis Tek,Ibis Tek
Ibis Tek LLC,Ibis Tek
Icahn School Of Medicine At Mount Sinai,Icahn School Of Medicine At Mount Sinai
Icor Technology Inc,Icor Technology Inc
"ID Technologies, LLC","ID Technologies, LLC"
Ideal Innovations Incorporated,Ideal Innovations Incorporated
"Igov Technologies, Inc.","Igov Technologies, Inc."
Imagann Facility Support Services Inc,Imagann Facility Support Services Inc
"Imaging Diagnostics, Inc.","Imaging Diagnostics, Inc."
"Industrial Service and Installation, Inc.","Industrial Service and Installation, Inc."
"Inert Products, LLC","Inert Products, LLC"
"Infinite Energy Construction, Inc.","Infinite Energy Construction, Inc."
"Infinity Support Services, Inc.","Infinity Support Services, Inc."
"Inflation Systems, Inc","Inflation Systems, Inc"
"Information Security and Training, LLC","Information Security and Training, LLC"
Input/Output Technology Incorporated,Input/Output Technology Incorporated
"Insitu, Inc.","Insitu, Inc."
Inst-A-Tech LLC,Inst-A-Tech LLC
"Integrity Office Products, Inc","Integrity Office Products, Inc"
"Intelligent Fusion Technology, Inc.","Intelligent Fusion Technology, Inc."
Intellipeak Solutions Inc,Intellipeak Solutions Inc
Interfuze Corporation,Interfuze Corporation
"International Biomedical, Ltd.","International Biomedical, Ltd."
"International Logistics Systems, Inc.","International Logistics Systems, Inc."
International Parts Supply Corporation,International Parts Supply Corporation
International Service Contractors LLC,International Service Contractors LLC
Intuitive Research and Technology Corporation,Intuitive Research and Technology Corporation
"Intuitive Solutions, LLC","Intuitive Solutions, LLC"
Irobot Corporation,Irobot Corporation
"Iron Bow Technologies, LLC","Iron Bow Technologies, LLC"
"J. F. Taylor, Inc.","J. F. Taylor, Inc."
"J.G.B. Enterprises, Inc.","J.G.B. Enterprises, Inc."
"J2 Engineering, Inc.","J2 Engineering, Inc."
Jabez-Absher Small Business Joint Venture,Jabez-Absher Small Business Joint Venture
Jacobs Technology Inc.,Jacobs Technology Inc.
Jamaica Bearings Co. Inc.,Jamaica Bearings Co. Inc.
"Janus Research Group, LLC","Janus Research Group, LLC"
Jeff Stryker,Jeff Stryker
"Jeol Usa, Inc.","Jeol Usa, Inc."
Jersey Environmental Solutions LLC,Jersey Environmental Solutions LLC
Jgb Enterprises,Jgb Enterprises
Jht Defense INC,Jht Defense INC
"Jls Medical Products Group, LLC","Jls Medical Products Group, LLC"
John E Mahan,John E Mahan
"John M. Ellsworth Co., Inc.","John M. Ellsworth Co., Inc."
Johnson & Johnson Health Care Systems Inc.,Johnson & Johnson Health Care Systems Inc.
Johnson Controls Security Solutions LLC,Johnson Controls Security Solutions LLC
"Johnson-Mcadams Surveying and Mapping, L.L.C.","Johnson-Mcadams Surveying and Mapping, L.L.C."
"Joint Research and Development, Inc.","Joint Research and Development, Inc."
Jowa Fahrzeugteile-Vertriebs Gmbh,Jowa Fahrzeugteile-Vertriebs Gmbh
"Juliet Construction, LLC","Juliet Construction, LLC"
Jung JungENTHAL Gmbh,Jung JungENTHAL Gmbh
"K2m Design, Inc.","K2m Design, Inc."
"Kamlo, L.L.C.","Kamlo, L.L.C."
"Kampi Components Co., Inc.","Kampi Components Co., Inc."
Kandu Supplies and Services LLC,Kandu Supplies and Services LLC
"Katom Restaurant Supply, Inc.","Katom Restaurant Supply, Inc."
"Kbr Wyle Services, LLC","Kbr Wyle Services, LLC"
"Kbrwyle Technology Solutions, LLC","Kbrwyle Technology Solutions, LLC"
Kearfott Corporation,Kearfott Corporation
Kelvin International Corporation,Kelvin International Corporation
"Kfs, LLC","Kfs, LLC"
Kidde Technologies INC Dba Kidde,Kidde Technologies Inc.
Kidde Technologies Inc.,Kidde Technologies Inc.
Kilgore Flares Company LLC,Kilgore Flares Company LLC
"King Aerospace Commercial Corporation, Inc.","King Aerospace Commercial Corporation, Inc."
Kipper Tool Company,Kipper Tool Company
"Kirila Fire Training Facilities, Inc.","Kirila Fire Training Facilities, Inc."
Kj Cain Company,Kj Cain Company
"Knoll, Inc.","Knoll, Inc."
Knowledge Management Inc,Knowledge Management Inc
"Kollsman, Inc.","Kollsman, Inc."
Kongsberg Defence & Aerospace AS,Kongsberg Defence & Aerospace AS
"Kraft Telerobotics, INC","Kraft Telerobotics, Inc."
"Kraft Telerobotics, Inc.","Kraft Telerobotics, Inc."
"Kranze Technology Solutions, Inc.","Kranze Technology Solutions, Inc."
Krauss-Maffei Wegmann Gmbh & Co. KG,Krauss-Maffei Wegmann Gmbh & Co. KG
Kr�tz Gmbh,Kr�tz Gmbh
"Kulite Semiconductor Products, Inc.","Kulite Semiconductor Products, Inc."
Kuog Corporation,Kuog Corporation
"Kvh Industries, Inc.","Kvh Industries, Inc."
"Kym Abrams Design, Inc.","Kym Abrams Design, Inc."
Kzf Design Inc.,Kzf Design Inc.
L-3 Communications Integrated Systems L.P.,L-3 Communications Integrated Systems L.P.
"L-3 Communications Sonoma Eo, Inc.","L-3 Communications Sonoma Eo, Inc."
L1 Enterprises Incorporated,L1 Enterprises Incorporated
"L2 Defense, Inc.","L2 Defense, Inc."
"L3 Technologies, Inc.","L3 Technologies, Inc."
"L3harris Technologies, Inc.","L3harris Technologies, Inc."
Lanzen Fabricating,"Lanzen, Incorporated"
"Lanzen, Incorporated","Lanzen, Incorporated"
"Larosa Building Group, LLC","Larosa Building Group, LLC"
"Lcl Electronics, Inc.","Lcl Electronics, Inc."
"Lee Precision Machine Shop, Inc.","Lee Precision Machine Shop, Inc."
"Leidos Holdings, Inc.","Leidos, Inc."
"Leidos, Inc.","Leidos, Inc."
Lektrimil Industries Inc,Lektrimil Industries Inc
Linde Gas North America LLC,Linde Gas North America LLC
"Linmarr Associates, Inc.","Linmarr Associates, Inc."
"Loc Performance Products, Inc.","Loc Performance Products, Inc."
Lockheed Martin Corporation,Lockheed Martin Corporation
"Lockheed Martin Global, Inc.",Lockheed Martin Corporation
Lockheed Martin Gyrocam Systems LLC,Lockheed Martin Corporation
Lockheed Martin Rotary Mission Systems (Lmrms),Lockheed Martin Corporation
"Locurrent Systems, LLC","Locurrent Systems, LLC"
"Logis-Tech, Inc.","Logis-Tech, Inc."
Logistics Network Inc.,Logistics Network Inc.
Longhorn Regional Service Center LLC,Longhorn Regional Service Center LLC
Longhorn Regional Service Center LLC,Longhorn Regional Service Center LLC
Lumenier Holdco LLC,Lumenier Holdco LLC
"M C Test Service, Inc.","M C Test Service, Inc."
"M.A.C.E., Material Acquisition, Contracting, Equipment, LLC","M.A.C.E., Material Acquisition, Contracting, Equipment, LLC"
"Macomb Sheet Metal, Inc.","Macomb Sheet Metal, Inc."
"Man-Machine Systems Assessment (Msa), Incorporated","Man-Machine Systems Assessment (Msa), Incorporated"
"Management Consulting, Inc.","Management Consulting, Inc."
Management Solutions,Management Solutions
"Management Solutions, Inc./Esstech Engineering",Management Solutions
"Management Solutions, L.C.",Management Solutions
"Manitex Liftking, Ulc","Manitex Liftking, Ulc"
"Mantech Advanced Systems International, Inc.","Mantech Advanced Systems International, Inc."
Mantech Telecommunications and Information Systems Corporation,Mantech Telecommunications and Information Systems Corporation
"Marathon Medical, Corporation","Marathon Medical, Corporation"
Marinette Marine Corporation,Marinette Marine Corporation
Mark P Yosway,Mark P Yosway
"Marvin Land Systems, Inc.","Marvin Land Systems, Inc."
"Material Acquisition Services, Inc.","Material Acquisition Services, Inc."
Material Handling Solutions LLC,Material Handling Solutions LLC
"Matthew Warren, Inc.","Matthew Warren, Inc."
Maven Engineering Corporation,Maven Engineering Corporation
Mcclarin Plastics LLC,Mcclarin Plastics LLC
"Mcdash Analytics, LLC","Mcdash Analytics, LLC"
Mckesson Corporation,Mckesson Corporation
"Medical Device Business Services, Inc.","Medical Device Business Services, Inc."
"Medpro Systems, LLC","Medpro Systems, LLC"
Medpro US,"Medpro Systems, LLC"
"Medtronic, Inc.","Medtronic, Inc."
"Meggitt Defense Systems, Inc.","Meggitt Defense Systems, Inc."
"Mercom, Incorporated","Mercom, Incorporated"
"Meritor Industrial Products, LLC","Meritor Industrial Products, LLC"
Merlin Power Systems LLC,Merlin Power Systems LLC
"Merrill Aviation, Inc.","Merrill Aviation, Inc."
Meso Scale Discovery LLC,Meso Scale Discovery LLC
"Mfi Medical Equipment, Inc.","Mfi Medical Equipment, Inc."
"Michigan Cnc Tool, Inc.","Michigan Cnc Tool, Inc."
Michigan Technological University,Michigan Technological University
"Micor Industries, LLC","Micor Industries, LLC"
"Midcon Cables Co., Inc.","Midcon Cables Co., Inc."
"Midwest Gear & Tool, INC.","Midwest Gear & Tool, INC."
"Military Systems Group, Inc.","Military Systems Group, Inc."
Millennium Engineering and Integration Co,Millennium Engineering and Integration Co
Millennium Engineering and Integration Co.,Millennium Engineering and Integration Co
Minowitz Manufacturing Co.,Minowitz Manufacturing Co.
Minto,Minto
Miracle Systems LLC,Miracle Systems LLC
Miscellaneous Foreign Awardees,Miscellaneous Foreign Awardees
Mission Mule LLC,Mission Mule LLC
"Mobius Imaging, LLC","Mobius Imaging, LLC"
"Mock, Inc.","Mock, Inc."
"Mock, INC. Dba HI-Speed Industrial Service","Mock, Inc."
"Monroe Engineering, LLC","Monroe Engineering, LLC"
Moog Inc.,Moog Inc.
"Mowa Barlovento Llc, JV","Mowa Barlovento Llc, JV"
"Mrap, LLC","Mrap, LLC"
"Mrc Precision Metal Optics, Inc.","Mrc Precision Metal Optics, Inc."
"Msc Industrial Direct Co., Inc.","Msc Industrial Direct Co., Inc."
"Msi Defense Solutions, LLC","Msi Defense Solutions, LLC"
Mt. Abram Excavating Co.,Mt. Abram Excavating Co.
Mtf,Mtf
"Mti, Inc.","Mti, Inc."
"Mtp Drivetrain Services, L.L.C.","Mtp Drivetrain Services, L.L.C."
"Multisports, INC","Multisports, INC"
"Murtech, Inc.","Murtech, Inc."
Musculoskeletal Transplant Foundation,Musculoskeletal Transplant Foundation
"Musculoskeletal Transplant Foundation, Inc.",Musculoskeletal Transplant Foundation
"Mustang Technology Group, L.P.","Mustang Technology Group, L.P."
"Mw Builders, Inc.","Mw Builders, Inc."
"N G C, Inc","N G C, Inc"
Nacional Rent Car Ltda,Nacional Rent Car Ltda
"Nacional Rent Car Ltda, Carrera",Nacional Rent Car Ltda
"Nacional Rent Cqar Ltda., Carrera",Nacional Rent Car Ltda
Napco International LLC,Napco International LLC
"National Advanced Endoscopy Devices, Inc.","National Advanced Endoscopy Devices, Inc."
National Center For Defense Manufacturing and Machining,National Center For Defense Manufacturing and Machining
"Nationwide Supplies, L.P.","Nationwide Supplies, L.P."
Native Instinct LLC,Native Instinct LLC
"Nativevet Materiel, LLC","Nativevet Materiel, LLC"
Natus Medical Incorporated,Natus Medical Incorporated
Navistar Defense LLC,Navistar Defense LLC
Navistar Defense LLC Dba,Navistar Defense LLC Dba
Nch Corporation,Nch Corporation
"Ncs Technologies, Inc.","Ncs Technologies, Inc."
"ND Properties, Inc.","ND Properties, Inc."
Nelson Rodriguez Ingenieria Sas,Nelson Rodriguez Ingenieria Sas
"Network Controls & Electric, Inc.","Network Controls & Electric, Inc."
"New Directions Technologies, Inc.","New Directions Technologies, Inc."
"New Tech Solutions, Inc.","New Tech Solutions, Inc."
"Ninety Five South, Inc.","Ninety Five South, Inc."
"Nitelines Offensive Defensive Systems (Nods), Inc","Nitelines Offensive Defensive Systems (Nods), Inc"
"Nobel Biocare Usa, LLC","Nobel Biocare Usa, LLC"
"Noble Sales Co., Inc.","Noble Sales Co., Inc."
"Nokomis, Inc.","Nokomis, Inc."
Norske Construction Inc.,Norske Construction Inc.
"North American Rescue, LLC","North American Rescue, LLC"
"Northrop Grumman Cobham Intercoms, LLC",Northrop Grumman 
Northrop Grumman Systems Corporation,Northrop Grumman 
"Noviclean, LLC","Noviclean, LLC"
Nu Waves Ltd.,Nu Waves Ltd.
"Nvis, Inc.","Nvis, Inc."
"Nxtwall, LLC","Nxtwall, LLC"
O'Gara-Hess & Eisenhardt Armoring Company LLC,O'Gara-Hess & Eisenhardt Armoring Company LLC
"O'Neil & Associates, Inc.","O'Neil & Associates, Inc."
"Oasis Advanced Engineering, Inc.","Oasis Advanced Engineering, Inc."
Oce Y Arrendamientos DE Vehiculos Blindados Ltda,Oce Y Arrendamientos DE Vehiculos Blindados Ltda
Ohio Machinery Co.,Ohio Machinery Co.
Olin Winchester LLC,Olin Winchester LLC
Olympus America Inc,Olympus America Inc
Onodi Tool & Engineering Co.,Onodi Tool & Engineering Co.
"Operational Postured Security Alliance, LLC","Operational Postured Security Alliance, LLC"
"Optex Systems Holdings, Inc.","Optex Systems, Inc."
"Optex Systems, Inc.","Optex Systems, Inc."
"Opti-Fit International, Inc.","Opti-Fit International, Inc."
"Optimetrics, Inc.","Optimetrics, Inc."
Optimum Alta Seguridad E.I.R.L.,Optimum Alta Seguridad E.I.R.L.
"Oran Safety Glass, Inc.","Oran Safety Glass, Inc."
"Orthovita, Inc.","Orthovita, Inc."
Oscar Deuce LLC,Oscar Deuce LLC
Oshkosh Corporation,Oshkosh Corporation
"Oshkosh Defense, LLC",Oshkosh Corporation
"Ost, Inc.","Ost, Inc."
"Ot Training Solutions, LLC","Ot Training Solutions, LLC"
"Owens & Minor Distribution, Inc.","Owens & Minor Distribution, Inc."
P L Wja L C,P L Wja L C
P.K.M.M. Inc.,P.K.M.M. Inc.
"Pacific Welding & Fabrication, Inc.","Pacific Welding & Fabrication, Inc."
Pae Applied Technologies LLC,Pae Applied Technologies LLC
Pae National Security Solutions LLC,Pae Applied Technologies LLC
"Palomar Display Products, Inc.","Palomar Display Products, Inc."
"Panakeia, LLC","Panakeia, LLC"
Par Government Systems Corp,Par Government Systems Corp
Parker-Hannifin Corporation,Parker-Hannifin Corporation
Parsons Government Services Inc.,Parsons Government Services Inc.
"Patricio Enterprises, Inc.","Patricio Enterprises, Inc."
"Pd Systems, Inc.","Pd Systems, Inc."
Peak Scientific Inc.,Peak Scientific Inc.
"Peck & Hale, L.L.C.","Peck & Hale, L.L.C."
Peerless Chain  CO.,Peerless Chain  CO.
Peerless Electronics Inc,Peerless Electronics Inc
"Penn Power Group, LLC","Penn Power Group, LLC"
Pennoni Associates Inc.,Pennoni Associates Inc.
"Perkinelmer Health Sciences, Inc.","Perkinelmer Health Sciences, Inc."
Peter's Excavating,Peter's Excavating
Peters' Construction,Peters' Construction
Petrochoice Dynamo LLC,Petrochoice LLC
"Petrochoice Holdings, Inc.",Petrochoice LLC
Petrochoice LLC,Petrochoice LLC
Petroliance LLC,Petroliance LLC
Phantom Eagle LLC,Phantom Eagle LLC
Philips Medical Systems North America Inc.,Philips Medical Systems North America Inc.
Phoenix Systems International Inc,Phoenix Systems International Inc
Phoenix Textile Corporation,Phoenix Textile Corporation
Physio Control Poland Sales Sp Z O O,Physio-Control Inc
Physio-Control Inc,Physio-Control Inc
"Physio-Control, Inc.",Physio-Control Inc
"Pinnacle Solutions, Inc.","Pinnacle Solutions, Inc."
"Pioneer Industries, Inc.","Pioneer Industries, Inc."
Pjp Restoration,Pjp Restoration
"Pkware, INC.","Pkware, INC."
"Plasan North America, Inc.","Plasan North America, Inc."
"Plasan North America, INC. Dba","Plasan North America, Inc."
"Platt & Son, Inc.","Platt & Son, Inc."
Port O Toilet LLC,Port O Toilet LLC
"Potomacwave Consulting, Inc.","Potomacwave Consulting, Inc."
"Powersports Plus, LLC","Powersports Plus, LLC"
"Prab, Inc.","Prab, Inc."
"Pratt & Miller Engineering & Fabrication, Inc.","Pratt & Miller Engineering & Fabrication, Inc."
"Precise-Avian Company, LLC","Precise-Avian Company, LLC"
"Precision Screw Machine Products, Inc.","Precision Screw Machine Products, Inc."
"Premier Lab Supply, Inc.","Premier Lab Supply, Inc."
"Premier Professional Systems, Incorporated","Premier Professional Systems, Incorporated"
"Prime Photonics, Lc","Prime Photonics, Lc"
"Proaim Americas, LLC","Proaim Americas, LLC"
"Progressive X-Ray, Inc","Progressive X-Ray, Inc"
"Protective Packaging Corporation, Inc.","Protective Packaging Corporation, Inc."
"Provation Medical, Inc.","Provation Medical, Inc."
Qinetiq,Qinetiq
"Qinetiq US Holdings, Inc.","Qinetiq US Holdings, Inc."
"Quality Specialty Products, Inc.","Quality Specialty Products, Inc."
Quantico Tactical Incorporated,Quantico Tactical Incorporated
"Quantum Research International, Inc.","Quantum Research International, Inc."
"R & D Electronics, Inc.","R & D Electronics, Inc."
"R L C Electronics, Inc.","R L C Electronics, Inc."
"R. C. Construction Co., Inc.","R. C. Construction Co., Inc."
R. F. Macdonald Co.,R. F. Macdonald Co.
"R.J. Runge Company, Inc.","R.J. Runge Company, Inc."
R3 Uniq Inc,R3 Uniq Inc
Radiometer America Inc.,Radiometer America Inc.
"Ranger Land Systems, Inc.","Ranger Land Systems, Inc."
Rantec Power Systems Inc.,Rantec Power Systems Inc.
"Ras Enterprises, LLC","Ras Enterprises, LLC"
"Ravenswood Solutions, Inc.","Ravenswood Solutions, Inc."
"Rayotek Scientific, Inc.","Rayotek Scientific, Inc."
Raytheon Company,Raytheon Company
Raytheon/Lockheed Martin Javelin Joint Venture,Raytheon/Lockheed Martin Javelin Joint Venture
Rc Consolidated Services Inc.,Rc Consolidated Services Inc.
"Rdc/John Poe Architects, L.L.L.P.","Rdc/John Poe Architects, L.L.L.P."
Rdo Agriculture Equipment Co.,Rdo Agriculture Equipment Co.
Rdo Equipment Co.,Rdo Equipment Co.
"Real-Time Laboratories, LLC","Real-Time Laboratories, LLC"
Red Barn Machine Inc,Red Barn Machine Inc
"Red One Medical Devices, LLC","Red One Medical Devices, LLC"
Redstone Defense Systems,Redstone Defense Systems
Regents Of The University Of Michigan,Regents Of The University Of Michigan
"Reidville Hydraulics & Mfg., Inc.","Reidville Hydraulics & Mfg., Inc."
"Remotec, Inc.","Remotec, Inc."
"Rescue One Training For Life, Inc.","Rescue One Training For Life, Inc."
"Rescue Safety Products, L.L.C.","Rescue Safety Products, L.L.C."
Rescue Simulation Products,Rescue Simulation Products
"Research Analysis and Maintenance, Inc.","Research Analysis and Maintenance, Inc."
Rest Easy LLC (Delaware),Rest Easy LLC (Delaware)
"Rev-Cap Company, Inc.","Rev-Cap Company, Inc."
"Revive Surgical Instrument Service & Repair, Inc","Revive Surgical Instrument Service & Repair, Inc"
"Rfcircuits, Inc.","Rfcircuits, Inc."
Rheinmetall Canada Inc,Rheinmetall Canada Inc
"Ricardo Defense, Inc.","Ricardo Defense, Inc."
"Ridge Instruments Company, Inc.","Ridge Instruments Company, Inc."
Riedel Electronics LLC,Riedel Electronics LLC
Robert H Kaplan Associates Incorporated,Robert H Kaplan Associates Incorporated
Rockwell Collins Simulation & Training Solutions LLC,"Rockwell Collins, Inc."
"Rockwell Collins, Inc.","Rockwell Collins, Inc."
"Rocore Industries, Inc.","Rocore Industries, Inc."
Roger Abrams,Roger Abrams
"Rohde & Schwarz Usa, Inc.","Rohde & Schwarz Usa, Inc."
Rolls-Royce Commercial Marine Inc.,Rolls-Royce Commercial Marine Inc.
"Root-O-Matic, Inc.","Root-O-Matic, Inc."
"Rose-A-Lee Technologies, INC.","Rose-A-Lee Technologies, INC."
"Rosellini Scientific, LLC","Rosellini Scientific, LLC"
"Rosemount Specialty Products, LLC","Rosemount Specialty Products, LLC"
Rowland Emergency and Specialty Vehicles,Rowland Emergency and Specialty Vehicles
"Rq Construction, LLC","Rq Construction, LLC"
Rr Global Solutions (M) SDN. Bhd.,Rr Global Solutions (M) SDN. Bhd.
"Rsi, Inc.","Rsi, Inc."
S I T Corporation,S I T Corporation
"SA Technical Services, Inc.","SA Technical Services, Inc."
Saab Barracuda LLC,"Saab, Inc."
"Saab, Inc.","Saab, Inc."
"Safariland, LLC","Safariland, LLC"
"Safety Systems and Signs Hawaii, Inc.","Safety Systems and Signs Hawaii, Inc."
"Sage Products, LLC","Sage Products, LLC"
Sai Industries,Sai Industries
Sayres and Associates Corp,Sayres and Associates Corp
Scaletta Moloney Armoring Corp,Scaletta Moloney Armoring Corp
"Schnell Response & Preparedness Consulting, LLC","Schnell Response & Preparedness Consulting, LLC"
Schroth Safety Products LLC,Schroth Safety Products LLC
"Sci Technology, Inc.","Sci Technology, Inc."
Science Applications International Corporation,Science Applications International Corporation
Seco Parts & Equipment Company,Seco Parts & Equipment Company
"Seiler Instrument and Manufacturing Company, Incorporated","Seiler Instrument and Manufacturing Company, Incorporated"
Selex Es Inc.,Selex Es Inc.
"Semco Instruments, Inc.","Semco Instruments, Inc."
Sepac Vsfd,"Sepac, Inc."
"Sepac, Inc.","Sepac, Inc."
"Servestrong Solutions, LLC","Servestrong Solutions, LLC"
"Seva Technical Services, Inc.","Seva Technical Services, Inc."
Shield Technologies Corp,Shield Technologies Corp
Shimadzu Scientific Instruments Incorporated,Shimadzu Scientific Instruments Incorporated
"Shine Micro, Inc.","Shine Micro, Inc."
"Shockride, LLC","Shockride, LLC"
"Shutterstock, Inc.","Shutterstock, Inc."
Sia Solutions LLC,Sia Solutions LLC
"Siddons Martin Emergency Group, LLC","Siddons Martin Emergency Group, LLC"
"Sigma Technologies, LLC","Sigma Technologies, LLC"
"Sigmatech, Inc.","Sigmatech, Inc."
Sikorsky Aircraft Corporation,Sikorsky Aircraft Corporation
Silicone Rubber Right Products LLC,Silicone Rubber Right Products LLC
"Silver Lake Construction, LLC","Silver Lake Construction, LLC"
Simex Defence Inc,Simex Defence Inc
"Sjs Executives, LLC","Sjs Executives, LLC"
Ske Srl,Ske Srl
Skookum Educational Programs Inc,Skookum Educational Programs Inc
"Smarthealth, Inc.","Smarthealth, Inc."
"Smith Control Systems, Inc.","Smith Control Systems, Inc."
Smiths Detection Inc.,Smiths Detection Inc.
"Smyth County Machine and Welding, Inc.","Smyth County Machine and Welding, Inc."
"Solo Products, Inc.","Solo Products, Inc."
"Soluciones Especializadas DE Transporte S.A. ""Set, Buenavista, Guajira - Colombia, Guajira CO",Soluciones Especializadas DE Transportes S A
"Soluciones Especializadas DE Transporte S.A. ""Set"", Carrera",Soluciones Especializadas DE Transportes S A
"Soluciones Especializadas DE Transporte S.A., Carrera",Soluciones Especializadas DE Transportes S A
"Soluciones Especializadas DE Transporte Sas, Carrera",Soluciones Especializadas DE Transportes S A
"Soluciones Especializadas DE Transporte, Carrera",Soluciones Especializadas DE Transportes S A
Soluciones Especializadas DE Transportes S A,Soluciones Especializadas DE Transportes S A
Soluciones Especializadas DE Transportes S A S,Soluciones Especializadas DE Transportes S A
"Soluciones Especializas DE Transporte S.A. ""Set"", Carrera",Soluciones Especializadas DE Transportes S A
"Soluciones Especualizadas DE Transporte S.A., Bogota CO","Soluciones Especualizadas DE Transporte S.A., Bogota CO"
"Solutions Through Innovative Technologies, Inc.","Solutions Through Innovative Technologies, Inc."
"Solvet Services, LLC","Solvet Services, LLC"
"Somatics, LLC","Somatics, LLC"
Sourcelinq LLC,Sourcelinq LLC
"Southern Automotive Wholesalers, Inc.","Southern Automotive Wholesalers, Inc."
Southwest Research Institute Inc,Southwest Research Institute Inc
Space Computer Corp.,Space Computer Corp.
Spacesaver Storage Solutions LLC,Spacesaver Storage Solutions LLC
"Spartan Motors Chassis, Inc.","Spartan Motors Chassis, Inc."
Specialty Underwriters LLC,Specialty Underwriters LLC
"Spirox, Inc.","Spirox, Inc."
SRI International,SRI International
"Ss Medical, Inc.","Ss Medical, Inc."
Ssi Technologies Inc,"Ssi Technology, Inc."
"Ssi Technology, Inc.","Ssi Technology, Inc."
"Standard Communications, Inc.","Standard Communications, Inc."
Standbuy Distributors,Standbuy Distributors
Stanley Machining & Tool Corp.,Stanley Machining & Tool Corp.
Statz Corporation,Statz Corporation
Steelcase Inc.,Steelcase Inc.
"Stellar Support Services Ii, LLC","Stellar Support Services Ii, LLC"
Stephan Wood Products Inc,Stephan Wood Products Inc
"Steris Instrument Management Services, Inc.","Steris Instrument Management Services, Inc."
"Sterling Design, Inc","Sterling Design, Inc"
"Stonewall Defense, LLC","Stonewall Defense, LLC"
"Strata-G Solutions, LLC","Strata-G Solutions, LLC"
"Strategic Robotic Systems, Inc.","Strategic Robotic Systems, Inc."
"Strategic Ventures Consulting Group, LLC","Strategic Ventures Consulting Group, LLC"
"Structsure Projects, Inc.","Structsure Projects, Inc."
"Structural Associates, Inc.","Structural Associates, Inc."
"Structural Engineering Group, Incorporated","Structural Engineering Group, Incorporated"
Stryker (Formerly Physio-Control),Stryker
"Stryker & Company, Inc.",Stryker
Stryker Canada Holding Company,Stryker
Stryker Canada Lp,Stryker
Stryker Canada Ulc,Stryker
"Stryker Communications, Inc.",Stryker
Stryker Construction LLC,Stryker
Stryker Corporation,Stryker
Stryker Excavating and Landscaping LLC,Stryker
Stryker Gmbh & Co. KG,Stryker
Stryker Medical,Stryker
"Stryker Medical Division, Physio-Control Inc.",Stryker
Stryker Neurovascular,Stryker
Stryker Orthopaedics,Stryker
Stryker Parent Corp.,Stryker
Stryker Polska,Stryker
Stryker Polska Sp Z O O,Stryker
"Stryker POlska Sp. Z O.O. Ul. POlecZki 35, 02-822 WarsZawa",Stryker
"Stryker Sales Corporation, Kalamazoo, MI",Stryker
"Stryker Sales Corporation, Portage, MI",Stryker
"Stryker Sales, LLC",Stryker
"Stryker Sustainability Solutions, Inc.",Stryker
Stryker Uk Limited,Stryker
"Stryker, Portage, MI",Stryker
Sts International INC,Sts International INC
"Summit Technologies, Inc.","Summit Technologies, Inc."
Sunbelt Design & Development,Sunbelt Design & Development
"Sustainment Technologies, LLC","Sustainment Technologies, LLC"
"System Studies & Simulation, Inc., A Close Corporation","System Studies & Simulation, Inc., A Close Corporation"
System Technical Support Corporation,System Technical Support Corporation
Systems & Technology Research LLC,Systems & Technology Research LLC
Systems Drs Sustainment Inc,Systems Drs Sustainment Inc
Systems Engineering Inc,Systems Engineering Inc
"Systems Products and Solutions, Inc.","Systems Products and Solutions, Inc."
"Szy Holdings, LLC","Szy Holdings, LLC"
"Szy Holdings, LLC Dba Ever Ready","Szy Holdings, LLC Dba Ever Ready"
"Tactical & Survival Specialties, Inc.","Tactical & Survival Specialties, Inc."
"Tactical Air Support, Inc.","Tactical Air Support, Inc."
Talan Industries LLC,Talan Industries LLC
Tamor S.M.R. LTD.,Tamor S.M.R. LTD.
"Tamor S.M.R. LTD.,Southern Industrial Zone,P.O.Box",Tamor S.M.R. LTD.
"Tapestry Solutions, Inc.","Tapestry Solutions, Inc."
Target Arm Inc.,Target Arm Inc.
"Task Aerospace, Inc.","Task Aerospace, Inc."
"Technergetics, LLC","Technergetics, LLC"
Technology Group Inc,Technology Group Inc
"Technomics, Inc.","Technomics, Inc."
"Tecmotiv (usa), Inc.","Tecmotiv (usa), Inc."
"Tegam, Inc.","Tegam, Inc."
"Teledyne Brown Engineering, Inc.","Teledyne Brown Engineering, Inc."
Tenneco Inc.,Tenneco Inc.
"Teras Breakbulk Ocean Navigation Enterprises, LLC","Teras Breakbulk Ocean Navigation Enterprises, LLC"
Terex Corporation,Terex Corporation
"Tesla Industries, Inc.","Tesla Industries, Inc."
"Tessa Two, Inc.","Tessa Two, Inc."
"Tetra Tech-Maytag Aircraft Corporation Joint Venture,","Tetra Tech, Inc."
"Tetra Tech, Inc.","Tetra Tech, Inc."
Textron Systems Corporation,Textron Systems Corporation
Thales Nederland B.V.,Thales Nederland B.V.
"Thales Nederland B.V.,Bestevaer",Thales Nederland B.V.
The Aegis Technologies Group LLC,The Aegis Technologies Group LLC
The Boeing Company,The Boeing Company
The Janz Corporation,The Janz Corporation
The Johns Hopkins University Applied Physics Laboratory LLC,The Johns Hopkins University Applied Physics Laboratory LLC
The Keyw Corporation,The Keyw Corporation
The Law Offices Of Bozeman and Bozeman,The Law Offices Of Bozeman and Bozeman
The Logistics Company Inc,The Logistics Company Inc
The Machine Lab Inc,The Machine Lab Inc
The Mason & Hanger Group Inc,The Mason & Hanger Group Inc
The Pennsylvania State University,The Pennsylvania State University
The Remi Group LLC,The Remi Group LLC
The Standard Bank Of South Africa LTD,The Standard Bank Of South Africa LTD
The Survice Engineering Company LLC,The Survice Engineering Company LLC
The Technology Group LLC,The Technology Group LLC
The Trustees Of The University Of Pennsylvania,The Trustees Of The University Of Pennsylvania
The University Of Iowa,The University Of Iowa
The W H Smith Hardware Company,The W H Smith Hardware Company
The W W Williams Company LLC,The W W Williams Company LLC
The Whiting-Turner Contracting Company,The Whiting-Turner Contracting Company
Thermo Craft Engineering Corp.,Thermo Craft Engineering Corp.
Thosani Inc,Thosani Inc
Thyssenkrupp Rothe Erde USA Inc.,Thyssenkrupp Rothe Erde USA Inc.
Tigerpak Inc,Tigerpak Inc
Timber Edge Machine Inc,Timber Edge Machine Inc
"Titan One Zero, LLC","Titan One Zero, LLC"
Titan Wheel Corporation Of Illinois,Titan Wheel Corporation Of Illinois
"TK&K Services, L.L.C.","TK&K Services, L.L.C."
Todd H Bradley,Todd H Bradley
Tom L Merrill,Tom L Merrill
Tommy Martin,Tommy Martin
"Torch Technologies, Inc.","Torch Technologies, Inc."
"Torres AND Associates, INC.","Torres AND Associates, INC."
"Total Technology, Inc.","Total Technology, Inc."
"Training & Consulting, LLC","Training & Consulting, LLC"
"Transaero Airlines, Inc.","Transaero, Inc."
"Transaero, Inc.","Transaero, Inc."
"Transhield, Inc.","Transhield, Inc."
"Transvoyant, Inc.","Transvoyant, Inc."
Tri-Technologies Inc.,Tri-Technologies Inc.
"Triangle Manifold Services, Inc.","Triangle Manifold Services, Inc."
"Trillamed Solutions, LLC","Trillamed, LLC"
"Trillamed, LLC","Trillamed, LLC"
"Triman Industries, Inc.","Triman Industries, Inc."
Trout Unlimited,Trout Unlimited
Trust One Components Inc.,Trust One Components Inc.
Tryco INC,Tryco INC
Tryco Incorporated,Tryco INC
Tso3 Corporation,Tso3 Corporation
Turner Whiting Contracting Co,Turner Whiting Contracting Co
"TW Metals, LLC","TW Metals, LLC"
"Txal, Inc","Txal, Inc"
Tyd Services,Tyd Services
U.S. Pan American Solutions LLC,U.S. Pan American Solutions LLC
"Ultra Armoring, LLC","Ultra Armoring, LLC"
Ultralife Corporation,Ultralife Corporation
"Unified Business Technologies, Inc.","Unified Business Technologies, Inc."
"Unifire, Inc.","Unifire, Inc."
Unimed Srl,Unimed Srl
"Unistar-Sparco Computers, Inc.","Unistar-Sparco Computers, Inc."
"United States Endoscopy Group, Inc.","United States Endoscopy Group, Inc."
"United States Marine, Inc.","United States Marine, Inc."
"Universal Solutions International, Incorporated","Universal Solutions International, Incorporated"
Universal Technologies Inc.,Universal Technologies Inc.
University Of Maryland,University Of Maryland
Utility Energy Systems Inc,Utility Energy Systems Inc
V.R.C. Corporation,V.R.C. Corporation
"Vali, Inc.","Vali, Inc."
Valiant Global Defense Services Inc.,Valiant Global Defense Services Inc.
"Valkyrie Group International, LLC","Valkyrie Group International, LLC"
"Valley Machine Company, Inc.","Valley Machine Company, Inc."
"Valve Automation and Controls Of San Diego, Inc.","Valve Automation and Controls Of San Diego, Inc."
Vanquish Worldwide L.L.C.,Vanquish Worldwide L.L.C.
Varec,Varec
"Varec NV,Antwerpsesteenweg","Varec NV,Antwerpsesteenweg"
"Vazquez Commercial Contracting, LLC","Vazquez Commercial Contracting, LLC"
"Vehicle Maintenance Program, Inc.","Vehicle Maintenance Program, Inc."
"Vertex Solutions Group, LLC","Vertex Solutions Group, LLC"
"Vertex Solutions, LLC","Vertex Solutions, LLC"
"Veterans Healthcare Supply Solutions, Inc.","Veterans Healthcare Supply Solutions, Inc."
Vetronix Research Corporation,Vetronix Research Corporation
"Viasat, Inc.","Viasat, Inc."
Vickers & Nolan Enterprises LLC,Vickers & Nolan Enterprises LLC
"Vista Machining Company, LLC","Vista Machining Company, LLC"
"Vitalitec International, Inc.","Vitalitec International, Inc."
Vizocom Ict LLC,Vizocom Ict LLC
Vmp Vertrieb Medizinischer Produkte Gmbh,Vmp Vertrieb Medizinischer Produkte Gmbh
Vmr Electronics Corporation,Vmr Electronics Corporation
W. S. Darley & Co.,W. S. Darley & Co.
"Walker Power Systems, Inc.","Walker Power Systems, Inc."
"Wartsila Defense, Inc.","Wartsila Defense, Inc."
Washington Foundries,Washington Foundries
Washington State University Inc,Washington State University Inc
Water Blasting Equipment,Water Blasting Equipment
"Waters and Bugbee, Inc.","Waters and Bugbee, Inc."
Waypoint Contracting Inc,Waypoint Contracting Inc
"Webb-Rite Safety, Inc.","Webb-Rite Safety, Inc."
"Wegmann Usa, Inc.","Wegmann Usa, Inc."
"West Efx, Inc.","West Efx, Inc."
"Westat, Inc.","Westat, Inc."
"Western Metal Supply Company, Inc.","Western Metal Supply Company, Inc."
"Western-Star Hospital Authority, Inc.","Western-Star Hospital Authority, Inc."
Westfield Hydraulics INC,Westfield Hydraulics INC
"Weston Solutions, Inc.","Weston Solutions, Inc."
"Wheeler Bros., Inc.","Wheeler Bros., Inc."
"Wheeler Fleet Solutions, Co.","Wheeler Fleet Solutions, Co."
Whh Nisqually - Garco JV,Whh Nisqually - Garco JV
Whh Nisqually-Garco Joint Venture,Whh Nisqually - Garco JV
Willerding Acquisition Corp.,Willerding Acquisition Corp.
Williams Appraisal Service LLC,Williams Appraisal Service LLC
"Windward Enterprises, LLC","Windward Enterprises, LLC"
"Winston-Salem Industries For The Blind, Inc.","Winston-Salem Industries For The Blind, Inc."
"Wintec Arrowmaker, Inc.","Wintec Arrowmaker, Inc."
"Wm Robots, LLC","Wm Robots, LLC"
Wood Furniture Services Inc,Wood Furniture Services Inc
"Woodward Hrt, Inc.","Woodward Hrt, Inc."
Woolpert,Woolpert
"Woolpert, Inc.",Woolpert
Workpro LLC,Workpro LLC
Worksaver Material Handling Equipment Co,Worksaver Material Handling Equipment Co
Wotko LLC,Wotko LLC
Writ Braddock Office LLC,Writ Braddock Office LLC
"Xper, Inc.","Xper, Inc."
"Xstrahl, Inc.","Xstrahl, Inc."
Yamasato Fujiwara Higa & Associates INC.,Yamasato Fujiwara Higa & Associates INC.
Yerkes South INC.,Yerkes South INC.
"Yorktown Systems Group, Inc.","Yorktown Systems Group, Inc."
"Yulista Tactical Services, LLC","Yulista Tactical Services, LLC"
"Z Med Services, Inc.","Z Med Services, Inc."
Z Systems Corporation,Z Systems Corporation
Zepoli International INC,Zepoli International INC
"Zimmer Us, Inc.","Zimmer Us, Inc."
"Zivaro, Inc.","Zivaro, Inc."
"Zumar Industries, Inc.","Zumar Industries, Inc."